Date,SP500ClosedPrices,USTNoteClosedPrices
36889,1837.37,1.0307
36893,1785.86,1.0456
36894,1875.56,1.0279
36895,1855.82,1.0368
36896,1807.13,1.0455
36899,1804.04,1.0443
36900,1810.98,1.0407
36901,1828.50,1.0334
36902,1847.37,1.0325
36903,1835.54,1.0217
36907,1847.13,1.0241
36908,1851.16,1.0286
36909,1876.94,1.0335
36910,1869.38,1.0293
36913,1869.89,1.0255
36914,1894.25,1.0215
36915,1899.71,1.0200
36916,1890.27,1.0248
36917,1886.80,1.0227
36920,1899.75,1.0205
36921,1913.13,1.0267
36922,1902.55,1.0350
36923,1913.11,1.0373
36924,1879.69,1.0320
36927,1886.48,1.0314
36928,1883.72,1.0309
36929,1868.29,1.0285
36930,1856.66,1.0308
36931,1831.96,1.0350
36934,1853.65,1.0330
36935,1837.77,1.0322
36936,1834.10,1.0260
36937,1849.15,1.0253
36938,1814.22,1.0302
36942,1782.75,1.0305
36943,1749.86,1.0281
36944,1746.50,1.0273
36945,1736.82,1.0312
36948,1767.29,1.0364
36949,1753.88,1.0425
36950,1729.08,1.0477
36951,1730.92,1.0482
36952,1721.09,1.0428
36955,1731.42,1.0408
36956,1748.74,1.0423
36957,1760.36,1.0481
36958,1764.39,1.0469
36959,1720.71,1.0446
36962,1646.42,1.0486
36963,1671.19,1.0458
36964,1628.02,1.0539
36965,1637.61,1.0569
36966,1605.48,1.0584
36969,1633.81,1.0557
36970,1594.50,1.0605
36971,1565.98,1.0591
36972,1559.65,1.0623
36973,1590.70,1.0585
36976,1608.65,1.0543
36977,1649.79,1.0440
36978,1609.67,1.0470
36979,1602.26,1.0448
36980,1619.54,1.0521
36983,1599.36,1.0479
36984,1544.35,1.0518
36985,1540.17,1.0526
36986,1607.46,1.0482
36987,1575.71,1.0552
36990,1588.50,1.0524
36991,1631.69,1.0404
36992,1628.23,1.0370
36993,1652.83,1.0324
36997,1647.50,1.0280
36998,1664.44,1.0307
36999,1729.26,1.0364
37000,1750.98,1.0246
37001,1736.02,1.0254
37004,1710.01,1.0345
37005,1689.23,1.0322
37006,1716.17,1.0287
37007,1724.38,1.0342
37008,1750.32,1.0241
37011,1745.39,1.0232
37012,1769.12,1.0271
37013,1770.66,1.0273
37014,1744.54,1.0334
37015,1769.78,1.0335
37018,1765.49,1.0353
37019,1762.41,1.0315
37020,1754.72,1.0377
37021,1754.46,1.0277
37022,1741.33,1.0163
37025,1746.01,1.0182
37026,1746.75,1.0126
37027,1796.72,1.0166
37028,1801.63,1.0206
37029,1806.83,1.0209
37032,1836.02,1.0232
37033,1831.20,1.0214
37034,1802.84,1.0226
37035,1808.64,1.0147
37036,1787.28,1.0148
37040,1773.46,1.0134
37041,1746.11,1.0147
37042,1757.09,1.0246
37043,1763.87,1.0258
37046,1772.92,1.0279
37047,1795.96,1.0335
37048,1777.25,1.0350
37049,1786.99,1.0300
37050,1770.21,1.0275
37053,1755.43,1.0333
37054,1757.48,1.0363
37055,1737.94,1.0355
37056,1707.56,1.0387
37057,1699.85,1.0377
37060,1691.59,1.0366
37061,1697.41,1.0383
37062,1712.26,1.0408
37063,1731.76,1.0438
37064,1715.39,1.0479
37067,1705.94,1.0478
37068,1703.37,1.0405
37069,1695.61,1.0390
37070,1716.81,1.0323
37071,1714.32,1.0268
37074,1731.53,1.0341
37075,1728.65,1.0294
37077,1707.68,1.0285
37078,1667.90,1.0315
37081,1679.40,1.0346
37082,1655.31,1.0394
37083,1653.54,1.0373
37084,1692.73,1.0421
37085,1703.31,1.0434
37088,1684.77,1.0482
37089,1701.57,1.0454
37090,1692.27,1.0540
37091,1702.52,1.0531
37092,1696.67,1.0517
37095,1668.90,1.0539
37096,1641.76,1.0539
37097,1668.16,1.0482
37098,1685.62,1.0521
37099,1689.79,1.0546
37102,1688.03,1.0571
37103,1697.45,1.0582
37104,1704.24,1.0577
37105,1711.17,1.0513
37106,1702.43,1.0505
37109,1683.03,1.0523
37110,1688.60,1.0511
37111,1659.58,1.0604
37112,1659.76,1.0566
37113,1669.21,1.0607
37116,1670.96,1.0618
37117,1664.61,1.0610
37118,1652.71,1.0590
37119,1657.88,1.0637
37120,1630.35,1.0725
37123,1643.59,1.0679
37124,1623.74,1.0710
37125,1635.16,1.0682
37126,1630.67,1.0698
37127,1662.74,1.0669
37130,1654.72,1.0672
37131,1629.91,1.0737
37132,1612.05,1.0795
37133,1584.77,1.0762
37134,1591.18,1.0745
37138,1590.29,1.0651
37139,1588.93,1.0647
37140,1553.41,1.0719
37141,1524.47,1.0793
37144,1533.98,1.0755
37155,1356.61,1.0826
37158,1409.50,1.0830
37159,1421.91,1.0911
37160,1415.01,1.0974
37161,1431.29,1.1041
37162,1462.69,1.1014
37165,1459.33,1.1063
37166,1477.29,1.1091
37167,1507.03,1.1122
37168,1503.31,1.1091
37169,1506.11,1.1097
37173,1485.63,1.1024
37174,1519.77,1.1022
37175,1542.98,1.0969
37176,1534.86,1.0965
37179,1532.52,1.1027
37180,1543.15,1.1062
37181,1514.50,1.1057
37182,1502.61,1.1054
37183,1509.46,1.1018
37186,1532.55,1.1004
37187,1525.35,1.1001
37188,1525.96,1.1044
37189,1546.90,1.1082
37190,1553.26,1.1106
37193,1516.39,1.1146
37194,1490.44,1.1210
37195,1490.58,1.1364
37196,1524.96,1.1362
37197,1529.35,1.1252
37200,1551.39,1.1315
37201,1573.93,1.1354
37202,1570.16,1.1419
37203,1574.09,1.1329
37204,1576.61,1.1311
37208,1603.28,1.1256
37209,1606.64,1.1124
37210,1608.09,1.0919
37211,1603.17,1.0864
37214,1620.66,1.0909
37215,1608.90,1.0852
37216,1601.02,1.0779
37218,1619.78,1.0748
37221,1629.76,1.0742
37222,1618.62,1.0821
37223,1589.38,1.0819
37224,1605.99,1.0960
37225,1604.92,1.0964
37228,1591.48,1.1021
37229,1612.46,1.1047
37230,1649.00,1.0852
37231,1644.48,1.0759
37232,1632.10,1.0640
37235,1606.23,1.0695
37236,1601.76,1.0735
37237,1602.45,1.0773
37238,1577.58,1.0721
37239,1582.81,1.0630
37242,1598.74,1.0637
37243,1610.83,1.0690
37244,1620.27,1.0753
37245,1606.92,1.0768
37246,1613.94,1.0723
37249,1613.60,1.0682
37251,1620.26,1.0641
37252,1631.69,1.0748
37253,1637.23,1.0713
37256,1618.98,1.0774
37258,1628.51,1.0684
37259,1643.48,1.0725
37260,1653.69,1.0711
37263,1642.95,1.0780
37264,1637.48,1.0754
37265,1629.70,1.0778
37266,1631.72,1.0841
37267,1616.35,1.0929
37270,1606.20,1.0923
37271,1617.18,1.0959
37272,1591.04,1.0962
37273,1607.02,1.0889
37274,1591.08,1.0919
37278,1579.41,1.0906
37279,1591.94,1.0818
37280,1597.55,1.0833
37281,1599.14,1.0788
37284,1598.86,1.0788
37285,1553.23,1.0892
37286,1571.69,1.0842
37287,1595.35,1.0823
37288,1584.06,1.0871
37291,1544.89,1.0934
37292,1538.70,1.0943
37293,1529.68,1.0921
37294,1525.26,1.0900
37295,1547.94,1.0933
37298,1570.21,1.0915
37299,1563.95,1.0856
37300,1580.03,1.0844
37301,1577.29,1.0882
37302,1559.98,1.0954
37306,1530.58,1.0948
37307,1551.37,1.0938
37308,1527.34,1.0960
37309,1539.91,1.0982
37312,1567.59,1.0973
37313,1567.65,1.0908
37314,1569.01,1.0991
37315,1564.59,1.0953
37316,1600.02,1.0875
37319,1631.25,1.0858
37320,1620.37,1.0861
37321,1644.20,1.0822
37322,1636.86,1.0685
37323,1646.44,1.0612
37326,1652.04,1.0615
37327,1648.28,1.0628
37328,1632.46,1.0659
37329,1631.00,1.0553
37330,1649.56,1.0609
37333,1648.73,1.0639
37334,1655.44,1.0654
37335,1629.43,1.0554
37336,1631.93,1.0591
37337,1625.02,1.0565
37340,1601.21,1.0560
37341,1610.81,1.0615
37342,1619.45,1.0617
37343,1623.43,1.0562
37347,1622.23,1.0554
37348,1608.39,1.0624
37349,1592.60,1.0680
37350,1593.96,1.0699
37351,1588.88,1.0741
37354,1592.88,1.0705
37355,1582.36,1.0749
37356,1600.36,1.0727
37357,1562.52,1.0750
37358,1572.89,1.0793
37361,1560.92,1.0811
37362,1597.48,1.0770
37363,1594.32,1.0739
37364,1592.08,1.0767
37365,1593.07,1.0769
37368,1568.52,1.0790
37369,1558.79,1.0806
37370,1547.74,1.0846
37371,1545.40,1.0862
37372,1524.08,1.0897
37375,1508.75,1.0849
37376,1525.00,1.0872
37377,1538.65,1.0901
37378,1536.16,1.0870
37379,1520.44,1.0906
37382,1491.05,1.0900
37383,1486.57,1.0912
37384,1542.53,1.0780
37385,1520.39,1.0827
37386,1494.87,1.0865
37389,1522.80,1.0787
37390,1555.04,1.0741
37391,1546.73,1.0771
37392,1556.93,1.0833
37393,1569.17,1.0764
37396,1548.31,1.0821
37397,1531.32,1.0855
37398,1540.12,1.0886
37399,1555.82,1.0867
37400,1537.02,1.0872
37404,1523.89,1.0886
37405,1514.33,1.0941
37406,1510.25,1.0976
37407,1513.77,1.0961
37410,1476.26,1.0999
37411,1476.28,1.0979
37412,1489.88,1.0963
37413,1460.50,1.1023
37414,1458.21,1.0952
37417,1462.78,1.0986
37418,1438.47,1.1032
37419,1448.16,1.1049
37420,1433.01,1.1101
37421,1429.78,1.1187
37424,1470.84,1.1150
37425,1472.25,1.1163
37426,1447.98,1.1252
37427,1428.55,1.1206
37428,1404.21,1.1221
37431,1409.30,1.1174
37432,1385.77,1.1184
37433,1382.78,1.1249
37434,1407.11,1.1189
37435,1405.94,1.1197
37438,1375.88,1.1227
37439,1346.96,1.1270
37440,1355.40,1.1245
37442,1405.20,1.1161
37445,1388.44,1.1222
37446,1354.23,1.1280
37447,1308.30,1.1379
37448,1318.18,1.1360
37449,1309.68,1.1419
37452,1304.76,1.1376
37453,1280.78,1.1330
37454,1287.98,1.1326
37455,1253.21,1.1396
37456,1205.16,1.1471
37459,1165.48,1.1539
37460,1133.99,1.1584
37461,1199.01,1.1536
37462,1192.28,1.1603
37463,1212.41,1.1599
37466,1278.10,1.1458
37467,1283.62,1.1432
37468,1296.34,1.1542
37469,1258.22,1.1603
37470,1229.19,1.1688
37473,1187.07,1.1770
37474,1222.59,1.1658
37475,1247.28,1.1685
37476,1288.12,1.1641
37477,1292.94,1.1758
37480,1286.09,1.1802
37481,1258.36,1.1910
37482,1309.04,1.1865
37483,1324.32,1.1822
37484,1322.36,1.1690
37487,1353.63,1.1733
37488,1334.70,1.1861
37489,1351.82,1.1815
37490,1370.85,1.1712
37491,1339.79,1.1781
37494,1349.88,1.1798
37495,1331.20,1.1756
37496,1307.28,1.1815
37497,1307.28,1.1883
37498,1304.86,1.1891
37502,1250.68,1.2046
37503,1273.03,1.2046
37504,1252.77,1.2079
37505,1273.88,1.2007
37508,1286.79,1.1967
37509,1296.23,1.2028
37510,1296.25,1.1970
37511,1264.42,1.2052
37512,1268.57,1.2106
37515,1270.45,1.2106
37516,1245.39,1.2195
37517,1239.70,1.2173
37518,1202.47,1.2236
37519,1205.42,1.2229
37522,1188.76,1.2314
37523,1168.22,1.2366
37524,1197.56,1.2262
37525,1219.60,1.2243
37526,1180.28,1.2351
37529,1163.04,1.2415
37530,1209.59,1.2300
37531,1181.32,1.2347
37532,1168.57,1.2336
37533,1142.36,1.2350
37536,1120.52,1.2408
37537,1139.90,1.2390
37538,1108.91,1.2457
37539,1147.80,1.2367
37540,1192.63,1.2222
37544,1258.24,1.2048
37545,1228.01,1.2002
37546,1255.42,1.1858
37547,1262.84,1.1945
37550,1284.73,1.1818
37551,1271.08,1.1809
37552,1279.63,1.1839
37553,1260.17,1.1946
37554,1281.81,1.1969
37557,1271.20,1.1973
37558,1259.79,1.2118
37559,1272.25,1.2097
37560,1265.41,1.2164
37561,1287.13,1.2058
37564,1297.69,1.2023
37565,1307.80,1.2002
37566,1320.04,1.2038
37567,1290.15,1.2212
37568,1278.94,1.2259
37572,1262.14,1.2237
37573,1261.97,1.2246
37574,1293.21,1.2031
37575,1301.28,1.2067
37578,1287.79,1.2113
37579,1282.61,1.2120
37580,1307.61,1.2038
37581,1335.75,1.1952
37582,1331.17,1.1930
37585,1334.52,1.1934
37586,1306.79,1.2042
37587,1343.47,1.1859
37589,1339.89,1.1907
37592,1337.35,1.1893
37593,1317.65,1.1921
37594,1313.54,1.1966
37595,1297.80,1.1986
37596,1305.99,1.2031
37599,1277.05,1.2086
37600,1294.91,1.2072
37601,1295.91,1.2099
37602,1291.16,1.2097
37603,1273.83,1.2055
37606,1303.85,1.1985
37607,1293.26,1.2019
37608,1276.36,1.2100
37609,1266.79,1.2194
37610,1283.26,1.2175
37613,1285.60,1.2170
37614,1278.58,1.2210
37616,1274.56,1.2240
37617,1254.66,1.2330
37620,1260.42,1.2350
37621,1261.18,1.2329
37623,1303.17,1.2124
37624,1302.55,1.2131
37627,1331.82,1.2105
37628,1323.17,1.2151
37629,1304.95,1.2141
37630,1330.31,1.1995
37631,1330.29,1.2031
37634,1328.50,1.2050
37635,1336.25,1.2093
37636,1317.18,1.2109
37637,1312.01,1.2090
37638,1293.63,1.2157
37642,1273.31,1.2204
37643,1260.16,1.2258
37644,1273.04,1.2241
37645,1235.84,1.2248
37648,1215.86,1.2218
37649,1231.74,1.2215
37650,1240.31,1.2167
37651,1212.23,1.2224
37652,1228.14,1.2227
37655,1234.79,1.2195
37656,1217.40,1.2270
37657,1211.04,1.2198
37658,1203.58,1.2254
37659,1191.46,1.2265
37662,1200.51,1.2235
37663,1190.83,1.2247
37664,1176.15,1.2294
37665,1174.43,1.2352
37666,1199.61,1.2274
37670,1223.11,1.2283
37671,1214.66,1.2345
37672,1203.18,1.2363
37673,1219.10,1.2344
37676,1196.71,1.2391
37677,1205.32,1.2417
37678,1189.98,1.2467
37679,1204.11,1.2497
37680,1209.71,1.2548
37683,1200.60,1.2561
37684,1182.17,1.2594
37685,1193.87,1.2613
37686,1182.82,1.2588
37687,1192.62,1.2604
37690,1161.85,1.2684
37691,1152.15,1.2666
37692,1157.61,1.2669
37693,1197.56,1.2501
37694,1199.55,1.2544
37697,1242.09,1.2412
37698,1247.40,1.2347
37699,1258.37,1.2273
37700,1260.77,1.2298
37701,1289.74,1.2156
37704,1244.31,1.2296
37705,1259.44,1.2317
37706,1252.59,1.2333
37707,1250.71,1.2338
37708,1243.51,1.2362
37711,1221.46,1.2466
37712,1236.30,1.2456
37713,1268.82,1.2338
37714,1262.43,1.2356
37715,1265.90,1.2317
37718,1267.49,1.2296
37719,1265.57,1.2342
37720,1247.99,1.2380
37721,1256.04,1.2335
37722,1251.41,1.2307
37725,1275.82,1.2269
37726,1283.96,1.2301
37727,1268.28,1.2347
37728,1287.99,1.2329
37732,1285.72,1.2307
37733,1313.63,1.2330
37734,1324.68,1.2319
37735,1313.75,1.2373
37736,1295.57,1.2409
37739,1318.85,1.2395
37740,1323.26,1.2373
37741,1322.07,1.2465
37742,1321.39,1.2467
37743,1341.28,1.2385
37746,1336.24,1.2426
37747,1347.54,1.2523
37748,1340.87,1.2637
37749,1327.42,1.2634
37750,1346.68,1.2651
37753,1363.61,1.2693
37754,1359.74,1.2735
37755,1355.76,1.2825
37756,1366.59,1.2807
37757,1363.32,1.2930
37760,1329.38,1.2870
37761,1327.87,1.2997
37762,1333.33,1.2958
37763,1345.53,1.3044
37764,1347.49,1.3022
37768,1373.86,1.2944
37769,1376.58,1.2938
37770,1371.51,1.3028
37771,1391.72,1.2995
37774,1396.70,1.2958
37775,1403.29,1.3048
37776,1424.91,1.3088
37777,1430.64,1.3033
37778,1427.28,1.3029
37781,1410.21,1.3108
37782,1423.11,1.3202
37783,1441.86,1.3178
37784,1443.41,1.3233
37785,1429.11,1.3285
37788,1461.15,1.3221
37789,1462.48,1.3132
37790,1460.32,1.3027
37791,1438.09,1.3052
37792,1439.54,1.3026
37795,1419.24,1.3078
37796,1421.86,1.3149
37797,1410.10,1.2992
37798,1425.82,1.2851
37799,1411.97,1.2852
37802,1409.48,1.2884
37803,1421.03,1.2847
37804,1437.61,1.2865
37805,1425.97,1.2743
37809,1453.07,1.2662
37810,1458.51,1.2683
37811,1450.51,1.2718
37812,1430.96,1.2747
37813,1444.70,1.2781
37816,1453.00,1.2683
37817,1448.02,1.2422
37818,1438.86,1.2485
37819,1421.11,1.2482
37820,1437.89,1.2408
37823,1416.88,1.2205
37824,1430.35,1.2288
37825,1431.10,1.2305
37826,1420.96,1.2251
37827,1445.70,1.2238
37830,1442.58,1.2140
37831,1432.31,1.1991
37832,1429.91,1.2117
37833,1434.33,1.2023
37834,1419.64,1.2048
37837,1423.51,1.2147
37838,1398.42,1.2045
37839,1401.01,1.2166
37840,1411.27,1.2220
37841,1416.30,1.2242
37844,1421.01,1.2158
37845,1435.17,1.2086
37846,1426.55,1.1958
37847,1435.96,1.1937
37848,1436.43,1.1992
37851,1449.65,1.2075
37852,1453.45,1.2180
37853,1450.61,1.2106
37854,1454.98,1.2065
37855,1440.17,1.2062
37858,1441.11,1.2025
37859,1445.51,1.2073
37860,1445.84,1.2011
37861,1454.70,1.2124
37862,1462.30,1.2079
37866,1482.61,1.1943
37867,1489.25,1.1954
37868,1491.77,1.2045
37869,1482.24,1.2213
37872,1497.22,1.2141
37873,1484.93,1.2222
37874,1467.29,1.2303
37875,1475.72,1.2256
37876,1478.94,1.2311
37879,1473.43,1.2307
37880,1494.50,1.2306
37881,1489.70,1.2399
37882,1509.47,1.2418
37883,1504.74,1.2409
37886,1485.16,1.2369
37887,1494.19,1.2393
37888,1465.66,1.2457
37889,1457.09,1.2508
37890,1448.03,1.2585
37893,1462.20,1.2513
37894,1446.77,1.2653
37895,1479.23,1.2660
37896,1482.36,1.2598
37897,1496.32,1.2396
37900,1502.86,1.2429
37901,1510.05,1.2344
37902,1502.65,1.2367
37903,1509.86,1.2313
37904,1509.00,1.2345
37908,1525.60,1.2272
37909,1521.95,1.2219
37910,1526.80,1.2161
37911,1511.18,1.2228
37914,1518.97,1.2244
37915,1520.93,1.2282
37916,1498.28,1.2371
37917,1503.26,1.2311
37918,1496.20,1.2397
37921,1499.43,1.2371
37922,1522.21,1.2455
37923,1524.41,1.2339
37924,1523.12,1.2294
37925,1528.62,1.2344
37928,1540.71,1.2300
37929,1532.34,1.2347
37930,1530.54,1.2291
37931,1539.75,1.2241
37932,1533.02,1.2212
37935,1524.26,1.2210
37937,1541.49,1.2259
37938,1541.30,1.2385
37939,1529.84,1.2463
37942,1520.07,1.2460
37943,1506.32,1.2540
37944,1518.51,1.2447
37945,1505.76,1.2533
37946,1508.21,1.2529
37949,1532.69,1.2460
37950,1535.49,1.2502
37951,1542.40,1.2442
37953,1542.07,1.2364
37956,1559.50,1.2322
37957,1554.42,1.2328
37958,1552.09,1.2310
37959,1559.47,1.2346
37960,1547.52,1.2480
37963,1558.96,1.2444
37964,1545.68,1.2368
37965,1544.31,1.2410
37966,1562.23,1.2492
37967,1566.50,1.2484
37970,1557.66,1.2473
37971,1568.02,1.2516
37972,1570.15,1.2545
37973,1588.90,1.2606
37974,1588.19,1.2599
37977,1594.43,1.2567
37978,1598.93,1.2478
37979,1596.05,1.2553
37981,1598.75,1.2592
37984,1619.16,1.2510
37985,1619.59,1.2490
37986,1622.94,1.2499
37988,1618.05,1.2384
37991,1638.10,1.2380
37992,1640.31,1.2487
37993,1644.60,1.2515
37994,1652.83,1.2505
37995,1638.14,1.2682
37998,1646.03,1.2678
37999,1637.33,1.2759
38000,1650.96,1.2776
38001,1653.21,1.2801
38002,1664.57,1.2762
38006,1663.03,1.2723
38007,1676.07,1.2759
38008,1670.73,1.2831
38009,1667.26,1.2708
38012,1687.44,1.2656
38013,1670.91,1.2714
38014,1648.44,1.2598
38015,1657.09,1.2615
38016,1652.73,1.2662
38019,1658.79,1.2652
38020,1659.92,1.2702
38021,1646.29,1.2686
38022,1649.35,1.2637
38023,1670.14,1.2720
38026,1666.16,1.2754
38027,1674.55,1.2695
38028,1693.03,1.2780
38029,1684.92,1.2764
38030,1675.86,1.2789
38034,1692.22,1.2802
38035,1684.90,1.2788
38036,1678.01,1.2805
38037,1673.71,1.2746
38040,1669.20,1.2807
38041,1666.42,1.2822
38042,1673.34,1.2841
38043,1675.63,1.2817
38044,1675.70,1.2883
38047,1691.90,1.2881
38048,1681.88,1.2825
38049,1685.17,1.2814
38050,1690.83,1.2851
38051,1693.76,1.3016
38054,1679.74,1.3102
38055,1670.07,1.3165
38056,1645.79,1.3151
38057,1621.21,1.3180
38058,1641.42,1.3105
38061,1617.91,1.3118
38062,1627.03,1.3204
38063,1646.29,1.3183
38064,1644.21,1.3134
38065,1625.84,1.3118
38068,1604.80,1.3178
38069,1602.67,1.3203
38070,1598.85,1.3187
38071,1625.01,1.3159
38072,1623.36,1.3067
38075,1644.75,1.3006
38076,1651.43,1.2999
38077,1650.42,1.3065
38078,1659.16,1.3020
38079,1673.41,1.2747
38082,1686.24,1.2687
38083,1683.23,1.2747
38084,1672.14,1.2744
38085,1670.36,1.2697
38089,1679.02,1.2673
38090,1655.99,1.2556
38091,1654.17,1.2543
38092,1655.15,1.2507
38093,1663.62,1.2570
38096,1665.40,1.2528
38097,1639.49,1.2462
38098,1648.31,1.2495
38099,1671.63,1.2537
38100,1672.62,1.2464
38103,1665.20,1.2490
38104,1668.98,1.2542
38105,1646.20,1.2431
38106,1634.16,1.2394
38107,1624.51,1.2423
38110,1639.46,1.2438
38111,1642.50,1.2371
38112,1645.65,1.2358
38113,1634.75,1.2344
38114,1612.31,1.2181
38117,1595.38,1.2165
38118,1607.94,1.2208
38119,1611.15,1.2150
38120,1610.05,1.2105
38121,1609.12,1.2172
38124,1592.23,1.2273
38125,1603.14,1.2232
38126,1599.29,1.2208
38127,1600.06,1.2291
38128,1606.49,1.2241
38131,1609.22,1.2271
38132,1635.14,1.2284
38133,1638.16,1.2330
38134,1647.65,1.2393
38135,1646.80,1.2341
38139,1647.57,1.2306
38140,1653.67,1.2269
38141,1641.43,1.2299
38142,1650.08,1.2232
38145,1676.48,1.2250
38146,1679.21,1.2248
38147,1663.38,1.2209
38148,1671.02,1.2221
38152,1655.00,1.2162
38153,1664.92,1.2342
38154,1667.23,1.2295
38155,1665.02,1.2339
38156,1669.39,1.2314
38159,1662.46,1.2340
38160,1668.55,1.2314
38161,1682.75,1.2333
38162,1678.07,1.2383
38163,1668.93,1.2388
38166,1667.61,1.2302
38167,1671.84,1.2352
38168,1678.83,1.2454
38169,1661.53,1.2473
38170,1656.33,1.2574
38174,1642.84,1.2567
38175,1646.36,1.2569
38176,1632.89,1.2570
38177,1638.42,1.2585
38180,1640.73,1.2605
38181,1641.96,1.2586
38182,1636.62,1.2574
38183,1629.58,1.2574
38184,1621.81,1.2701
38187,1621.09,1.2708
38188,1632.52,1.2618
38189,1610.88,1.2595
38190,1615.27,1.2617
38191,1599.62,1.2636
38194,1596.48,1.2585
38195,1612.33,1.2468
38196,1613.50,1.2495
38197,1621.35,1.2510
38198,1623.26,1.2605
38201,1630.48,1.2635
38202,1620.28,1.2655
38203,1619.00,1.2663
38204,1592.64,1.2685
38205,1568.07,1.2866
38208,1569.96,1.2829
38209,1590.35,1.2798
38210,1586.43,1.2823
38211,1567.95,1.2841
38212,1570.44,1.2879
38215,1591.94,1.2848
38216,1595.57,1.2912
38217,1615.72,1.2866
38218,1609.97,1.2889
38219,1620.47,1.2877
38222,1616.68,1.2832
38223,1617.46,1.2843
38224,1630.49,1.2854
38225,1630.68,1.2902
38226,1634.83,1.2892
38229,1622.28,1.2944
38230,1629.83,1.3011
38231,1632.82,1.3007
38232,1651.14,1.2916
38233,1644.25,1.2840
38237,1655.65,1.2900
38238,1648.52,1.2976
38239,1651.65,1.2943
38240,1659.84,1.2956
38243,1663.10,1.3005
38244,1666.82,1.3018
38245,1655.10,1.2987
38246,1659.78,1.3082
38247,1667.25,1.3036
38250,1657.88,1.3098
38251,1668.39,1.3118
38252,1645.17,1.3177
38253,1637.82,1.3144
38254,1640.40,1.3135
38257,1630.67,1.3177
38258,1640.62,1.3168
38259,1647.79,1.3076
38260,1647.48,1.3047
38261,1672.49,1.2980
38264,1678.10,1.3005
38265,1677.09,1.2998
38266,1688.83,1.2949
38267,1672.08,1.2931
38268,1659.51,1.3045
38272,1659.07,1.3087
38273,1647.13,1.3133
38274,1631.81,1.3176
38275,1639.08,1.3133
38278,1647.70,1.3152
38279,1631.74,1.3168
38280,1632.49,1.3219
38281,1636.76,1.3207
38282,1620.85,1.3232
38285,1619.48,1.3235
38286,1643.57,1.3208
38287,1665.01,1.3117
38288,1668.55,1.3157
38289,1672.65,1.3192
38292,1673.11,1.3139
38293,1673.16,1.3162
38294,1692.22,1.3146
38295,1719.64,1.3147
38296,1726.34,1.3044
38299,1724.59,1.3004
38300,1724.08,1.2998
38301,1722.67,1.2983
38303,1754.33,1.3047
38306,1753.99,1.3045
38307,1741.72,1.3024
38308,1751.57,1.3106
38309,1753.97,1.3134
38310,1734.45,1.3037
38313,1744.71,1.3063
38314,1744.31,1.3053
38315,1751.55,1.3042
38317,1753.09,1.3005
38320,1747.34,1.2925
38321,1740.33,1.2905
38322,1766.90,1.2902
38323,1765.37,1.2861
38324,1766.63,1.2993
38327,1765.33,1.3032
38328,1745.84,1.3031
38329,1754.75,1.3122
38330,1764.35,1.3085
38331,1762.51,1.3097
38334,1778.54,1.3103
38335,1785.51,1.3132
38336,1789.14,1.3175
38337,1785.51,1.3079
38338,1772.19,1.3063
38341,1772.87,1.3083
38342,1788.93,1.3101
38343,1795.66,1.3076
38344,1796.49,1.3057
38348,1788.76,1.2997
38349,1801.58,1.3002
38350,1801.71,1.2973
38351,1801.98,1.3040
38352,1799.55,1.3078
38355,1784.96,1.3080
38356,1764.30,1.3012
38357,1758.07,1.3027
38358,1764.63,1.3042
38359,1762.12,1.3041
38362,1768.17,1.3039
38363,1757.51,1.3075
38364,1764.72,1.3082
38365,1749.48,1.3145
38366,1759.98,1.3102
38370,1777.04,1.3127
38371,1760.28,1.3144
38372,1746.61,1.3150
38373,1735.43,1.3173
38376,1729.33,1.3198
38377,1736.25,1.3130
38378,1744.72,1.3137
38379,1745.58,1.3121
38380,1740.96,1.3186
38383,1755.68,1.3200
38384,1767.79,1.3192
38385,1773.63,1.3194
38386,1769.26,1.3175
38387,1788.82,1.3253
38390,1786.92,1.3290
38391,1788.16,1.3315
38392,1773.28,1.3327
38393,1780.80,1.3267
38394,1793.54,1.3262
38397,1794.98,1.3280
38398,1801.06,1.3257
38399,1801.59,1.3206
38400,1787.41,1.3187
38401,1788.65,1.3111
38405,1762.76,1.3092
38406,1772.76,1.3118
38407,1787.34,1.3095
38408,1804.17,1.3111
38411,1792.63,1.3019
38412,1802.79,1.3025
38413,1802.92,1.3016
38414,1803.51,1.3014
38415,1820.88,1.3076
38418,1825.70,1.3089
38419,1817.12,1.3016
38420,1798.79,1.2902
38421,1802.20,1.2945
38422,1789.01,1.2884
38425,1799.14,1.2919
38426,1785.61,1.2890
38427,1771.35,1.2923
38428,1774.55,1.2958
38429,1773.72,1.2927
38432,1764.98,1.2916
38433,1747.03,1.2822
38434,1748.28,1.2864
38435,1746.62,1.2859
38439,1750.89,1.2826
38440,1737.94,1.2880
38441,1762.09,1.2908
38442,1760.89,1.2981
38443,1749.45,1.3014
38446,1754.43,1.3012
38447,1762.32,1.3003
38448,1766.69,1.3051
38449,1777.35,1.2992
38450,1762.52,1.3004
38453,1762.56,1.3050
38454,1772.44,1.3133
38455,1751.77,1.3124
38456,1734.25,1.3172
38457,1705.26,1.3259
38460,1710.27,1.3226
38461,1720.43,1.3299
38462,1697.74,1.3321
38463,1731.27,1.3207
38464,1719.66,1.3259
38467,1734.56,1.3262
38468,1719.09,1.3246
38469,1726.21,1.3290
38470,1707.13,1.3377
38471,1727.49,1.3320
38474,1735.43,1.3337
38475,1733.95,1.3366
38476,1755.92,1.3344
38477,1751.47,1.3381
38478,1749.65,1.3265
38481,1760.87,1.3249
38482,1742.06,1.3332
38483,1750.26,1.3344
38484,1732.89,1.3371
38485,1725.15,1.3404
38488,1742.74,1.3400
38489,1755.10,1.3416
38490,1773.01,1.3443
38491,1781.28,1.3419
38492,1778.59,1.3408
38495,1785.46,1.3481
38496,1785.80,1.3514
38497,1779.81,1.3453
38498,1791.41,1.3463
38499,1793.34,1.3469
38503,1782.46,1.3571
38504,1799.15,1.3664
38505,1802.19,1.3656
38506,1789.83,1.3579
38509,1792.14,1.3612
38510,1791.89,1.3659
38511,1788.30,1.3635
38512,1797.72,1.3624
38513,1793.51,1.3528
38516,1798.07,1.3497
38517,1802.73,1.3482
38518,1806.78,1.3488
38519,1813.35,1.3520
38520,1822.35,1.3519
38523,1821.06,1.3490
38524,1817.36,1.3559
38525,1817.80,1.3651
38526,1798.49,1.3642
38527,1784.77,1.3675
38530,1783.45,1.3697
38531,1800.07,1.3637
38532,1797.73,1.3628
38533,1784.99,1.3694
38534,1789.85,1.3582
38538,1805.68,1.3521
38539,1791.05,1.3556
38540,1795.55,1.3567
38541,1816.52,1.3542
38544,1827.91,1.3542
38545,1832.15,1.3497
38546,1833.98,1.3486
38547,1838.80,1.3469
38548,1840.93,1.3481
38551,1830.75,1.3433
38552,1843.07,1.3468
38553,1852.02,1.3492
38554,1839.80,1.3392
38555,1849.81,1.3445
38558,1842.85,1.3421
38559,1846.04,1.3441
38560,1854.72,1.3418
38561,1865.64,1.3479
38562,1851.37,1.3402
38565,1853.13,1.3378
38566,1866.28,1.3358
38567,1868.06,1.3400
38568,1854.30,1.3383
38569,1840.19,1.3315
38572,1835.37,1.3289
38573,1847.76,1.3321
38574,1845.16,1.3319
38575,1858.43,1.3388
38576,1847.31,1.3439
38579,1852.78,1.3406
38580,1830.99,1.3483
38581,1832.82,1.3426
38582,1831.09,1.3489
38583,1832.29,1.3486
38586,1835.32,1.3492
38587,1829.11,1.3518
38588,1817.22,1.3532
38589,1821.46,1.3544
38590,1810.52,1.3520
38593,1821.56,1.3541
38594,1815.97,1.3611
38595,1834.48,1.3690
38596,1836.37,1.3678
38597,1831.06,1.3677
38601,1854.23,1.3632
38602,1859.00,1.3591
38603,1852.00,1.3583
38604,1866.74,1.3611
38607,1865.45,1.3568
38608,1851.87,1.3608
38609,1845.84,1.3580
38610,1846.76,1.3531
38611,1862.11,1.3480
38614,1851.74,1.3511
38615,1837.20,1.3515
38616,1820.49,1.3582
38617,1827.54,1.3580
38618,1828.54,1.3512
38621,1829.05,1.3472
38622,1829.13,1.3486
38623,1831.32,1.3511
38624,1847.62,1.3476
38625,1849.33,1.3445
38628,1846.17,1.3399
38629,1827.96,1.3420
38630,1801.40,1.3436
38631,1794.04,1.3398
38632,1800.71,1.3430
38636,1784.22,1.3404
38637,1773.60,1.3355
38638,1772.36,1.3338
38639,1787.01,1.3323
38642,1792.33,1.3317
38643,1774.32,1.3336
38644,1801.01,1.3346
38645,1774.02,1.3373
38646,1776.73,1.3420
38649,1806.59,1.3368
38650,1802.30,1.3293
38651,1794.56,1.3248
38652,1776.01,1.3281
38653,1805.56,1.3267
38656,1818.50,1.3285
38657,1812.11,1.3278
38658,1830.43,1.3243
38659,1838.86,1.3193
38660,1839.16,1.3180
38663,1843.27,1.3216
38664,1837.80,1.3276
38665,1841.00,1.3202
38666,1856.90,1.3287
38670,1861.25,1.3236
38671,1854.28,1.3279
38672,1857.97,1.3366
38673,1875.49,1.3378
38674,1883.99,1.3353
38677,1893.93,1.3383
38678,1903.66,1.3418
38679,1910.39,1.3376
38681,1914.41,1.3418
38684,1898.37,1.3449
38685,1898.74,1.3380
38686,1887.28,1.3372
38687,1910.23,1.3351
38688,1910.86,1.3355
38691,1906.42,1.3316
38692,1908.89,1.3395
38693,1899.69,1.3368
38694,1897.57,1.3421
38695,1902.92,1.3360
38698,1904.59,1.3344
38699,1915.30,1.3372
38700,1923.44,1.3437
38701,1920.85,1.3436
38702,1915.40,1.3459
38705,1904.21,1.3469
38706,1903.81,1.3448
38707,1908.65,1.3429
38708,1917.16,1.3495
38709,1918.25,1.3546
38713,1899.93,1.3587
38714,1902.74,1.3558
38715,1897.20,1.3574
38716,1887.94,1.3542
38720,1918.96,1.3578
38721,1926.39,1.3599
38722,1926.44,1.3590
38723,1945.02,1.3573
38726,1952.13,1.3584
38727,1951.53,1.3523
38728,1958.56,1.3496
38729,1946.28,1.3549
38730,1948.64,1.3614
38734,1941.57,1.3637
38735,1934.21,1.3637
38736,1944.98,1.3594
38737,1909.35,1.3621
38740,1912.91,1.3620
38741,1917.54,1.3584
38742,1914.28,1.3496
38743,1928.17,1.3464
38744,1943.34,1.3462
38747,1945.66,1.3450
38748,1937.93,1.3467
38749,1941.75,1.3428
38750,1924.67,1.3433
38751,1914.50,1.3471
38754,1916.04,1.3461
38755,1900.58,1.3444
38756,1917.84,1.3424
38757,1915.10,1.3435
38758,1920.00,1.3399
38761,1914.02,1.3421
38762,1933.46,1.3397
38763,1940.69,1.3405
38764,1955.06,1.3417
38765,1951.83,1.3468
38769,1945.45,1.3445
38770,1960.26,1.3484
38771,1953.37,1.3456
38772,1956.14,1.3440
38775,1963.58,1.3426
38776,1943.19,1.3471
38777,1959.77,1.3436
38778,1956.60,1.3397
38779,1953.74,1.3344
38782,1940.20,1.3290
38783,1936.68,1.3311
38784,1941.17,1.3310
38785,1931.73,1.3316
38786,1945.93,1.3291
38789,1950.39,1.3289
38790,1970.66,1.3368
38791,1979.21,1.3339
38792,1982.76,1.3419
38793,1985.69,1.3393
38796,1982.40,1.3410
38797,1970.50,1.3358
38798,1982.40,1.3376
38799,1977.29,1.3340
38800,1979.24,1.3409
38803,1977.19,1.3383
38804,1964.47,1.3311
38805,1979.51,1.3292
38806,1975.60,1.3246
38807,1967.38,1.3254
38810,1971.93,1.3244
38811,1984.47,1.3246
38812,1993.21,1.3268
38813,1989.87,1.3211
38814,1969.30,1.3134
38817,1971.03,1.3165
38818,1956.12,1.3196
38819,1958.49,1.3138
38820,1960.01,1.3085
38824,1954.25,1.3121
38825,1988.18,1.3151
38826,1991.84,1.3112
38827,1994.23,1.3095
38828,1993.99,1.3128
38831,1989.20,1.3165
38832,1979.51,1.3073
38833,1985.29,1.3039
38834,1992.39,1.3075
38835,1993.79,1.3089
38838,1985.55,1.3017
38839,1997.75,1.3041
38840,1989.97,1.3014
38841,1996.74,1.3008
38842,2017.34,1.3061
38845,2015.84,1.3063
38846,2016.60,1.3051
38847,2013.99,1.3055
38848,1988.56,1.3029
38849,1966.27,1.2969
38852,1971.45,1.3020
38853,1967.79,1.3075
38854,1935.18,1.3032
38855,1922.32,1.3117
38856,1930.27,1.3121
38859,1922.72,1.3147
38860,1914.38,1.3159
38861,1917.48,1.3147
38862,1939.52,1.3116
38863,1950.87,1.3136
38867,1920.09,1.3119
38868,1936.41,1.3077
38869,1960.28,1.3100
38870,1964.11,1.3210
38873,1929.23,1.3190
38874,1927.13,1.3206
38875,1915.77,1.3193
38876,1918.59,1.3219
38877,1910.01,1.3246
38880,1885.81,1.3248
38881,1866.92,1.3264
38882,1876.67,1.3180
38883,1916.56,1.3145
38884,1909.52,1.3116
38887,1892.12,1.3112
38888,1892.13,1.3100
38889,1910.62,1.3099
38890,1900.98,1.3050
38891,1899.32,1.3035
38894,1908.56,1.3034
38895,1891.24,1.3066
38896,1901.98,1.3026
38897,1943.09,1.3071
38898,1939.03,1.3136
38901,1954.49,1.3129
38903,1940.55,1.3061
38904,1945.90,1.3104
38905,1932.75,1.3153
38908,1935.62,1.3166
38909,1943.66,1.3193
38910,1922.62,1.3194
38911,1897.73,1.3231
38912,1888.43,1.3235
38915,1885.82,1.3242
38916,1889.48,1.3175
38917,1924.74,1.3256
38918,1908.42,1.3283
38919,1894.94,1.3272
38922,1926.50,1.3273
38923,1938.68,1.3257
38924,1937.96,1.3291
38925,1930.32,1.3287
38926,1953.86,1.3334
38929,1951.00,1.3352
38930,1942.22,1.3357
38931,1954.18,1.3372
38932,1957.41,1.3377
38933,1956.05,1.3443
38936,1950.63,1.3423
38937,1944.22,1.3423
38938,1936.30,1.3409
38939,1945.61,1.3402
38940,1938.13,1.3367
38943,1940.50,1.3346
38944,1967.26,1.3418
38945,1982.81,1.3489
38946,1986.04,1.3487
38947,1993.43,1.3513
38950,1986.11,1.3545
38951,1988.10,1.3549
38952,1979.35,1.3547
38953,1984.09,1.3557
38954,1982.81,1.3579
38957,1993.06,1.3570
38958,1997.21,1.3580
38959,1998.08,1.3610
38960,1997.42,1.3640
38961,2008.47,1.3644
38965,2012.00,1.3600
38966,1992.42,1.3586
38967,1982.93,1.3596
38968,1990.44,1.3610
38971,1991.49,1.3593
38972,2012.32,1.3626
38973,2020.49,1.3638
38974,2017.86,1.3610
38975,2023.35,1.3612
38978,2025.39,1.3601
38979,2021.01,1.3676
38980,2031.59,1.3680
38981,2021.08,1.3772
38982,2016.09,1.3822
38985,2033.87,1.3873
38986,2049.20,1.3836
38987,2049.97,1.3825
38988,2053.93,1.3818
38989,2048.89,1.3801
38992,2041.99,1.3830
38993,2046.28,1.3825
38994,2071.45,1.3881
38995,2076.63,1.3837
38996,2071.05,1.3742
39000,2077.01,1.3688
39001,2071.90,1.3665
39002,2091.69,1.3671
39003,2095.97,1.3645
39006,2101.27,1.3671
39007,2093.58,1.3686
39008,2096.71,1.3700
39009,2098.32,1.3671
39010,2100.86,1.3670
39013,2113.82,1.3631
39014,2114.36,1.3644
39015,2121.83,1.3704
39016,2132.39,1.3755
39017,2114.65,1.3803
39020,2115.63,1.3810
39021,2115.65,1.3881
39022,2100.37,1.3919
39023,2100.21,1.3891
39024,2095.68,1.3776
39027,2119.53,1.3798
39028,2124.28,1.3842
39029,2129.22,1.3866
39030,2118.32,1.3877
39031,2122.26,1.3905
39034,2128.17,1.3893
39035,2141.95,1.3938
39036,2147.60,1.3887
39037,2152.57,1.3842
39038,2154.80,1.3910
39041,2153.76,1.3918
39042,2157.42,1.3946
39043,2162.65,1.3955
39045,2154.96,1.3976
39048,2125.67,1.4000
39049,2133.52,1.4029
39050,2154.09,1.4010
39051,2155.89,1.4076
39052,2149.85,1.4105
39055,2169.00,1.4121
39056,2177.75,1.4104
39057,2175.45,1.4064
39058,2166.87,1.4068
39059,2170.84,1.4001
39062,2175.80,1.4039
39063,2173.58,1.4073
39064,2176.52,1.3978
39065,2195.59,1.3966
39066,2198.07,1.3970
39069,2190.97,1.3986
39070,2195.80,1.3981
39071,2192.76,1.3978
39072,2185.21,1.4030
39073,2173.90,1.3958
39077,2183.38,1.3983
39078,2199.15,1.3929
39079,2196.00,1.3900
39080,2186.13,1.3875
39085,2183.92,1.3936
39086,2186.60,1.3999
39087,2173.29,1.3955
39090,2178.80,1.3952
39091,2177.68,1.3951
39092,2182.16,1.3920
39093,2196.02,1.3872
39094,2206.68,1.3833
39098,2208.48,1.3864
39099,2206.70,1.3831
39100,2200.20,1.3872
39101,2206.60,1.3839
39104,2195.00,1.3861
39105,2202.77,1.3811
39106,2221.56,1.3813
39107,2196.54,1.3745
39108,2193.89,1.3747
39111,2191.71,1.3735
39112,2204.40,1.3758
39113,2219.19,1.3825
39114,2231.61,1.3799
39115,2235.39,1.3814
39118,2233.44,1.3841
39119,2235.02,1.3882
39120,2239.05,1.3905
39121,2236.46,1.3911
39122,2220.72,1.3861
39125,2213.58,1.3842
39126,2230.80,1.3835
39127,2248.40,1.3917
39128,2250.97,1.3950
39129,2249.06,1.3967
39133,2255.48,1.3989
39134,2252.43,1.3973
39135,2251.03,1.3934
39136,2243.26,1.3996
39139,2240.73,1.4054
39140,2163.11,1.4179
39141,2175.78,1.4123
39142,2170.17,1.4144
39143,2145.43,1.4197
39146,2125.34,1.4201
39147,2158.36,1.4172
39148,2153.65,1.4214
39149,2169.14,1.4194
39150,2170.62,1.4117
39153,2176.50,1.4158
39154,2132.76,1.4224
39155,2147.18,1.4180
39156,2155.18,1.4182
39157,2146.93,1.4175
39160,2170.33,1.4163
39161,2184.10,1.4175
39162,2221.46,1.4192
39163,2220.68,1.4149
39164,2223.12,1.4119
39167,2225.26,1.4135
39168,2211.52,1.4139
39169,2194.38,1.4124
39170,2202.68,1.4099
39171,2200.12,1.4103
39174,2205.85,1.4112
39175,2226.76,1.4088
39176,2229.26,1.4107
39177,2236.71,1.4076
39181,2238.03,1.4011
39182,2243.93,1.4039
39183,2229.44,1.4030
39184,2243.30,1.4029
39185,2251.12,1.4000
39188,2275.35,1.4037
39189,2280.01,1.4095
39190,2281.61,1.4130
39191,2278.91,1.4117
39192,2300.08,1.4112
39195,2294.83,1.4150
39196,2294.02,1.4174
39197,2317.50,1.4143
39198,2315.91,1.4094
39199,2315.70,1.4100
39202,2297.58,1.4178
39203,2303.68,1.4169
39204,2318.84,1.4168
39205,2329.54,1.4141
39206,2334.61,1.4175
39209,2340.68,1.4195
39210,2338.14,1.4190
39211,2346.30,1.4151
39212,2313.94,1.4178
39213,2336.48,1.4148
39216,2332.43,1.4133
39217,2329.61,1.4124
39218,2350.40,1.4120
39219,2348.44,1.4077
39220,2363.97,1.4030
39223,2367.63,1.4054
39224,2366.10,1.4013
39225,2363.29,1.3995
39226,2340.64,1.4003
39227,2353.42,1.3987
39231,2357.39,1.3969
39232,2377.09,1.3985
39233,2377.75,1.3967
39234,2386.63,1.3906
39237,2391.13,1.3934
39238,2378.44,1.3874
39239,2357.95,1.3902
39240,2316.63,1.3742
39241,2342.98,1.3764
39244,2345.27,1.3728
39245,2320.22,1.3593
39246,2356.02,1.3685
39247,2367.52,1.3664
39248,2382.97,1.3724
39251,2380.09,1.3753
39252,2384.26,1.3808
39253,2351.87,1.3760
39254,2366.92,1.3712
39255,2336.41,1.3765
39258,2328.91,1.3821
39259,2321.46,1.3822
39260,2342.84,1.3825
39261,2341.90,1.3804
39262,2338.25,1.3891
39265,2363.28,1.3935
39266,2372.22,1.3876
39268,2373.07,1.3778
39269,2381.59,1.3735
39272,2383.80,1.3783
39273,2349.98,1.3915
39274,2363.72,1.3847
39275,2408.79,1.3806
39276,2416.28,1.3841
39279,2411.65,1.3907
39280,2411.41,1.3896
39281,2406.69,1.3922
39282,2417.50,1.3937
39283,2387.96,1.4013
39286,2399.64,1.4014
39287,2352.12,1.4061
39288,2363.12,1.4076
39289,2307.98,1.4208
39290,2271.41,1.4233
39293,2294.75,1.4191
39294,2265.75,1.4252
39295,2282.30,1.4204
39296,2292.79,1.4226
39297,2231.98,1.4311
39300,2285.93,1.4258
39301,2300.10,1.4231
39302,2333.24,1.4129
39303,2264.50,1.4218
39304,2265.36,1.4188
39307,2264.58,1.4232
39308,2223.71,1.4267
39309,2193.40,1.4276
39310,2200.61,1.4339
39311,2254.68,1.4320
39314,2254.07,1.4380
39315,2256.53,1.4415
39316,2283.09,1.4360
39317,2280.68,1.4363
39318,2307.22,1.4393
39321,2287.62,1.4454
39322,2234.03,1.4525
39323,2283.58,1.4475
39324,2274.16,1.4532
39325,2299.71,1.4504
39329,2323.83,1.4504
39330,2298.16,1.4596
39331,2308.35,1.4555
39332,2269.32,1.4688
39335,2266.51,1.4751
39336,2297.41,1.4703
39337,2298.14,1.4662
39338,2317.63,1.4605
39339,2318.11,1.4618
39342,2306.25,1.4623
39343,2373.63,1.4618
39344,2388.15,1.4553
39345,2372.61,1.4394
39346,2383.55,1.4474
39349,2371.03,1.4475
39350,2370.27,1.4479
39351,2383.53,1.4489
39352,2392.92,1.4551
39353,2385.72,1.4528
39356,2417.44,1.4580
39357,2416.83,1.4609
39358,2406.31,1.4568
39359,2411.41,1.4624
39360,2435.16,1.4485
39364,2447.03,1.4477
39365,2443.02,1.4481
39366,2430.55,1.4498
39367,2442.12,1.4447
39370,2421.67,1.4459
39371,2405.76,1.4494
39372,2410.22,1.4603
39373,2408.46,1.4672
39374,2346.78,1.4789
39377,2355.74,1.4770
39378,2376.48,1.4781
39379,2370.71,1.4859
39380,2368.43,1.4812
39381,2401.07,1.4789
39384,2410.33,1.4815
39385,2394.81,1.4821
39386,2423.67,1.4718
39387,2360.21,1.4860
39388,2362.21,1.4898
39391,2350.69,1.4881
39392,2379.05,1.4843
39393,2310.41,1.4909
39394,2309.18,1.4942
39395,2276.26,1.5020
39399,2319.86,1.4969
39400,2304.06,1.4987
39401,2273.73,1.5116
39402,2285.67,1.5080
39405,2245.81,1.5188
39406,2256.02,1.5154
39407,2220.21,1.5243
39409,2257.95,1.5262
39412,2205.49,1.5470
39413,2238.52,1.5352
39414,2303.17,1.5253
39415,2304.43,1.5369
39416,2322.34,1.5368
39419,2308.74,1.5476
39420,2293.66,1.5425
39421,2329.71,1.5351
39422,2364.97,1.5290
39423,2360.79,1.5178
39426,2378.60,1.5119
39427,2318.52,1.5340
39428,2332.85,1.5201
39429,2335.79,1.5078
39430,2303.79,1.5049
39433,2269.24,1.5154
39434,2283.50,1.5192
39435,2280.47,1.5301
39436,2292.23,1.5276
39437,2330.81,1.5142
39440,2349.66,1.5100
39442,2351.60,1.5031
39443,2318.72,1.5122
39444,2322.11,1.5264
39447,2306.23,1.5328
39449,2273.41,1.5481
39450,2273.41,1.5499
39451,2217.59,1.5527
39454,2224.76,1.5581
39455,2184.67,1.5646
39456,2214.60,1.5596
39457,2232.25,1.5514
39458,2202.03,1.5647
39461,2225.98,1.5666
39462,2170.51,1.5799
39463,2158.58,1.5718
39464,2095.86,1.5861
39465,2083.24,1.5853
39469,2060.15,1.6106
39470,2104.37,1.5895
39471,2125.61,1.5761
39472,2091.88,1.5952
39475,2128.64,1.5934
39476,2141.85,1.5809
39477,2131.79,1.5823
39478,2167.90,1.5916
39479,2194.43,1.5922
39482,2171.51,1.5857
39483,2102.23,1.5955
39484,2087.05,1.5926
39485,2104.02,1.5722
39486,2095.21,1.5871
39489,2107.65,1.5909
39490,2123.06,1.5852
39491,2152.76,1.5765
39492,2123.94,1.5662
39493,2125.85,1.5736
39497,2124.12,1.5563
39498,2141.95,1.5564
39499,2115.13,1.5721
39500,2132.02,1.5683
39503,2161.51,1.5578
39504,2176.48,1.5626
39505,2175.00,1.5637
39506,2155.81,1.5864
39507,2097.48,1.6042
39510,2098.64,1.6001
39511,2091.42,1.5924
39512,2103.42,1.5845
39513,2057.44,1.5960
39514,2040.17,1.6010
39517,2008.71,1.6104
39518,2083.36,1.5940
39519,2065.21,1.6084
39520,2075.88,1.6016
39521,2032.79,1.6113
39524,2014.88,1.6278
39525,2100.38,1.6063
39526,2049.40,1.6229
39527,2098.46,1.6228
39531,2130.62,1.5982
39532,2135.54,1.6037
39533,2116.93,1.6090
39534,2093.11,1.6005
39535,2076.56,1.6107
39538,2088.42,1.6159
39539,2163.38,1.5963
39540,2159.63,1.5915
39541,2162.46,1.5942
39542,2164.21,1.6088
39545,2167.61,1.5998
39546,2157.28,1.5977
39547,2139.99,1.6078
39548,2149.67,1.6002
39549,2106.01,1.6094
39552,2098.92,1.6043
39553,2108.59,1.5928
39554,2156.67,1.5822
39555,2158.08,1.5766
39556,2197.24,1.5795
39559,2193.87,1.5775
39560,2174.59,1.5824
39561,2180.91,1.5770
39562,2194.96,1.5652
39563,2209.25,1.5599
39566,2207.02,1.5656
39567,2198.50,1.5667
39568,2190.13,1.5773
39569,2228.09,1.5746
39570,2235.30,1.5635
39573,2225.37,1.5630
39574,2242.47,1.5576
39575,2202.77,1.5660
39576,2210.95,1.5750
39577,2196.54,1.5752
39580,2220.81,1.5735
39581,2220.46,1.5601
39582,2229.74,1.5614
39583,2253.76,1.5720
39584,2256.64,1.5680
39587,2258.74,1.5707
39588,2237.79,1.5773
39589,2202.02,1.5736
39590,2208.20,1.5620
39591,2179.05,1.5700
39595,2193.98,1.5622
39596,2203.10,1.5528
39597,2215.12,1.5450
39598,2218.50,1.5470
39601,2195.27,1.5585
39602,2182.65,1.5658
39603,2183.01,1.5568
39604,2225.74,1.5500
39605,2157.24,1.5637
39608,2159.03,1.5542
39609,2153.77,1.5424
39610,2117.84,1.5466
39611,2124.94,1.5316
39612,2156.96,1.5277
39615,2157.14,1.5258
39616,2142.55,1.5340
39617,2121.78,1.5410
39618,2130.30,1.5331
39619,2090.82,1.5374
39622,2090.94,1.5389
39623,2085.08,1.5479
39624,2097.37,1.5467
39625,2036.40,1.5538
39626,2028.89,1.5612
39629,2031.47,1.5612
39630,2039.66,1.5572
39631,2002.64,1.5632
39632,2004.87,1.5607
39636,1988.09,1.5709
39637,2022.83,1.5735
39638,1976.97,1.5825
39639,1990.78,1.5851
39640,1968.86,1.5647
39643,1951.08,1.5782
39644,1929.85,1.5827
39645,1978.47,1.5682
39646,2002.30,1.5613
39647,2002.88,1.5500
39650,2001.86,1.5558
39651,2028.91,1.5489
39652,2037.15,1.5469
39653,1990.09,1.5617
39654,1998.41,1.5494
39657,1961.23,1.5621
39658,2007.21,1.5574
39659,2040.81,1.5566
39660,2014.39,1.5692
39661,2003.16,1.5714
39664,1985.23,1.5682
39665,2042.44,1.5612
39666,2050.23,1.5573
39667,2013.66,1.5760
39668,2061.77,1.5750
39671,2076.59,1.5671
39672,2051.66,1.5790
39673,2046.35,1.5743
39674,2057.72,1.5803
39675,2066.36,1.5866
39678,2035.30,1.5903
39679,2016.52,1.5888
39680,2029.15,1.5931
39681,2034.35,1.5893
39682,2057.64,1.5848
39685,2017.27,1.5961
39686,2024.72,1.5975
39687,2041.24,1.5991
39688,2071.86,1.5973
39689,2043.53,1.5924
39693,2035.24,1.6032
39694,2032.13,1.6072
39695,1971.37,1.6161
39696,1980.18,1.6066
39699,2021.13,1.6113
39700,1952.14,1.6225
39701,1964.25,1.6165
39702,1992.00,1.6152
39703,1996.26,1.6066
39706,1902.17,1.6456
39707,1935.49,1.6395
39708,1844.31,1.6399
39709,1924.85,1.6249
39710,2002.32,1.5957
39713,1925.86,1.5927
39714,1895.78,1.5954
39715,1892.05,1.5943
39716,1929.24,1.5892
39717,1935.79,1.5900
39720,1765.72,1.6225
39721,1861.44,1.5938
39722,1853.26,1.6037
39723,1778.90,1.6133
39724,1754.91,1.6158
39727,1687.34,1.6339
39728,1590.51,1.6255
39729,1573.34,1.6081
39730,1453.52,1.6025
39731,1436.56,1.5831
39735,1594.41,1.5571
39736,1450.50,1.5676
39737,1512.21,1.5647
39738,1502.84,1.5650
39741,1574.50,1.5749
39742,1526.02,1.5861
39743,1433.22,1.6015
39744,1451.37,1.5921
39745,1401.29,1.5874
39748,1356.78,1.5844
39749,1503.16,1.5676
39750,1486.73,1.5627
39751,1525.37,1.5475
39752,1548.81,1.5483
39755,1544.91,1.5527
39756,1608.00,1.5712
39757,1524.21,1.5761
39758,1448.01,1.5783
39759,1490.31,1.5686
39762,1471.64,1.5749
39764,1365.15,1.5875
39765,1459.82,1.5764
39766,1399.20,1.5918
39769,1363.14,1.6058
39770,1376.82,1.6219
39771,1292.76,1.6449
39772,1206.04,1.6797
39773,1282.59,1.6542
39776,1365.63,1.6399
39777,1374.79,1.6646
39778,1423.90,1.6734
39780,1437.68,1.6828
39783,1309.39,1.7070
39784,1361.79,1.7131
39785,1397.72,1.7111
39786,1356.81,1.7208
39787,1406.36,1.6965
39790,1460.60,1.6933
39791,1426.88,1.7078
39792,1444.00,1.7022
39793,1403.20,1.7121
39794,1413.07,1.7163
39797,1395.21,1.7244
39798,1466.87,1.7569
39799,1452.88,1.7716
39800,1422.19,1.7900
39801,1426.39,1.7851
39804,1400.42,1.7810
39805,1387.08,1.7793
39806,1395.76,1.7775
39808,1403.22,1.7845
39811,1398.25,1.7894
39812,1432.65,1.7943
39813,1452.98,1.7727
39815,1499.17,1.7534
39818,1492.21,1.7428
39819,1503.87,1.7494
39820,1459.58,1.7454
39821,1464.60,1.7506
39822,1433.41,1.7548
39825,1401.07,1.7668
39826,1403.63,1.7680
39827,1356.79,1.7797
39828,1358.64,1.7772
39829,1368.92,1.7614
39833,1296.63,1.7525
39834,1353.33,1.7278
39835,1332.84,1.7210
39836,1340.02,1.7191
39839,1347.47,1.7154
39840,1362.18,1.7287
39841,1408.07,1.7135
39842,1361.54,1.6926
39843,1330.51,1.6939
39846,1329.81,1.7113
39847,1350.89,1.6940
39848,1341.77,1.6897
39849,1363.82,1.6933
39850,1401.06,1.6849
39853,1403.19,1.6883
39854,1334.30,1.7092
39855,1345.50,1.7166
39856,1348.15,1.7175
39857,1334.83,1.7026
39861,1274.26,1.7360
39862,1273.29,1.7210
39863,1258.82,1.7213
39864,1244.72,1.7159
39867,1201.56,1.7205
39868,1249.76,1.7149
39869,1236.74,1.7006
39870,1217.49,1.6905
39871,1188.84,1.6893
39874,1133.43,1.7079
39875,1126.18,1.7058
39876,1153.35,1.6933
39877,1104.38,1.7133
39878,1106.00,1.7066
39881,1095.04,1.7088
39882,1164.83,1.6907
39883,1168.07,1.7018
39884,1215.87,1.7130
39885,1225.32,1.7105
39888,1221.03,1.7046
39889,1260.29,1.6982
39890,1286.62,1.7585
39891,1269.93,1.7663
39892,1244.86,1.7651
39895,1333.21,1.7623
39896,1306.03,1.7584
39897,1318.61,1.7497
39898,1349.37,1.7547
39899,1322.19,1.7546
39902,1276.23,1.7605
39903,1292.98,1.7683
39904,1314.63,1.7698
39905,1352.47,1.7532
39906,1365.66,1.7356
39909,1354.36,1.7305
39910,1322.91,1.7345
39911,1338.53,1.7408
39912,1389.49,1.7305
39916,1393.13,1.7412
39917,1365.20,1.7518
39918,1382.36,1.7552
39919,1403.89,1.7453
39920,1410.85,1.7290
39923,1350.52,1.7455
39924,1379.22,1.7364
39925,1368.92,1.7305
39926,1382.52,1.7336
39927,1405.74,1.7225
39930,1391.58,1.7354
39931,1387.82,1.7198
39932,1417.99,1.7065
39933,1416.73,1.7050
39934,1424.41,1.7008
39937,1472.64,1.7017
39938,1467.25,1.6999
39939,1493.31,1.7003
39940,1473.66,1.6780
39941,1509.14,1.6841
39944,1477.20,1.7000
39945,1475.83,1.7006
39946,1436.74,1.7078
39947,1451.79,1.7111
39948,1435.48,1.7036
39951,1479.24,1.6898
39952,1476.94,1.6894
39953,1469.47,1.6969
39954,1445.28,1.6707
39955,1443.14,1.6602
39959,1481.10,1.6468
39960,1453.28,1.6229
39961,1475.94,1.6385
39962,1495.97,1.6562
39965,1534.65,1.6312
39966,1537.69,1.6385
39967,1516.88,1.6470
39968,1534.59,1.6274
39969,1530.82,1.6133
39972,1529.59,1.6091
39973,1535.03,1.6132
39974,1529.76,1.6033
39975,1539.50,1.6147
39976,1541.70,1.6220
39979,1505.06,1.6335
39980,1485.92,1.6400
39981,1483.90,1.6371
39982,1496.59,1.6203
39983,1501.25,1.6275
39986,1455.54,1.6408
39987,1458.92,1.6479
39988,1468.48,1.6400
39989,1499.98,1.6583
39990,1498.08,1.6605
39993,1511.70,1.6678
39994,1498.94,1.6610
39995,1505.64,1.6611
39996,1461.80,1.6660
40000,1465.58,1.6658
40001,1436.74,1.6715
40002,1435.20,1.6892
40003,1440.30,1.6777
40004,1434.50,1.6899
40007,1470.43,1.6837
40008,1478.24,1.6694
40009,1522.09,1.6541
40010,1535.30,1.6581
40011,1534.71,1.6492
40014,1552.26,1.6557
40015,1557.91,1.6718
40016,1557.37,1.6647
40017,1593.65,1.6514
40018,1598.50,1.6516
40021,1603.26,1.6442
40022,1599.09,1.6495
40023,1592.00,1.6524
40024,1611.14,1.6584
40025,1612.31,1.6747
40028,1637.06,1.6569
40029,1642.03,1.6517
40030,1637.81,1.6451
40031,1628.82,1.6457
40032,1650.73,1.6342
40035,1645.26,1.6441
40036,1624.91,1.6573
40037,1644.23,1.6512
40038,1655.66,1.6653
40039,1641.54,1.6683
40042,1602.06,1.6808
40043,1618.60,1.6761
40044,1629.92,1.6839
40045,1647.85,1.6864
40046,1678.84,1.6694
40049,1677.94,1.6814
40050,1681.92,1.6865
40051,1682.29,1.6870
40052,1687.16,1.6847
40053,1684.05,1.6858
40056,1670.52,1.6920
40057,1633.63,1.6969
40058,1628.66,1.7059
40059,1642.68,1.7021
40060,1664.34,1.6899
40064,1679.32,1.6864
40065,1692.48,1.6904
40066,1710.14,1.7077
40067,1708.18,1.7072
40070,1719.04,1.6993
40071,1724.45,1.6944
40072,1750.91,1.6941
40073,1745.80,1.7039
40074,1750.43,1.6947
40077,1744.47,1.6936
40078,1755.99,1.6974
40079,1738.32,1.7014
40080,1722.02,1.7045
40081,1711.53,1.7121
40084,1742.32,1.7182
40085,1738.48,1.7167
40086,1732.86,1.7147
40087,1688.24,1.7329
40088,1680.70,1.7275
40091,1705.73,1.7274
40092,1729.14,1.7227
40093,1734.74,1.7331
40094,1747.70,1.7244
40095,1757.60,1.7052
40099,1760.51,1.7108
40100,1791.47,1.7018
40101,1798.91,1.6957
40102,1784.35,1.7026
40105,1801.12,1.7063
40106,1789.93,1.7129
40107,1774.33,1.7068
40108,1793.34,1.7020
40109,1771.50,1.6926
40112,1750.75,1.6837
40113,1744.95,1.6992
40114,1711.09,1.7039
40115,1749.76,1.6928
40116,1700.67,1.7085
40119,1711.65,1.7045
40120,1715.81,1.6978
40121,1718.21,1.6897
40122,1751.45,1.6898
40123,1756.07,1.6941
40126,1795.56,1.6958
40127,1795.90,1.6976
40129,1786.66,1.7025
40130,1796.93,1.7052
40133,1823.29,1.7174
40134,1825.18,1.7182
40135,1824.61,1.7131
40136,1800.12,1.7170
40137,1794.65,1.7126
40140,1819.17,1.7157
40141,1818.31,1.7225
40142,1826.74,1.7276
40144,1795.70,1.7366
40147,1802.68,1.7384
40148,1824.54,1.7285
40149,1825.40,1.7264
40150,1810.13,1.7181
40151,1820.11,1.7061
40154,1815.70,1.7146
40155,1797.31,1.7207
40156,1804.10,1.7145
40157,1814.81,1.7069
40158,1821.80,1.7022
40161,1834.55,1.7027
40162,1824.37,1.6978
40163,1826.45,1.6968
40164,1804.96,1.7123
40165,1815.50,1.7053
40168,1834.59,1.6893
40169,1841.17,1.6808
40170,1845.80,1.6805
40171,1855.50,1.6750
40175,1857.89,1.6703
40176,1855.61,1.6759
40177,1856.14,1.6774
40178,1837.50,1.6724
40182,1867.06,1.6747
40183,1872.90,1.6814
40184,1874.73,1.6749
40185,1882.34,1.6751
40186,1887.77,1.6750
40189,1891.06,1.6773
40190,1873.32,1.6908
40191,1889.10,1.6809
40192,1893.72,1.6870
40193,1873.30,1.6938
40197,1896.72,1.6918
40198,1876.90,1.6972
40199,1841.39,1.7051
40200,1800.61,1.7031
40203,1808.93,1.7023
40204,1801.34,1.7024
40205,1810.21,1.6999
40206,1788.97,1.7010
40207,1771.40,1.7072
40210,1796.67,1.6989
40211,1819.99,1.7010
40212,1810.64,1.6934
40213,1754.30,1.7066
40214,1759.38,1.7116
40217,1744.37,1.7134
40218,1767.18,1.7042
40219,1763.69,1.6985
40220,1781.01,1.6962
40221,1776.50,1.6996
40225,1808.72,1.7043
40226,1816.70,1.6948
40227,1828.81,1.6867
40228,1833.09,1.6898
40231,1831.21,1.6881
40232,1809.05,1.7017
40233,1826.99,1.7015
40234,1823.64,1.7092
40235,1826.27,1.7108
40238,1844.87,1.7127
40239,1849.17,1.7133
40240,1850.24,1.7117
40241,1857.20,1.7139
40242,1883.28,1.7045
40245,1883.29,1.7005
40246,1886.60,1.7034
40247,1895.38,1.7004
40248,1903.68,1.6999
40249,1903.29,1.7032
40252,1904.19,1.7051
40253,1919.02,1.7109
40254,1930.22,1.7122
40255,1929.63,1.7081
40256,1919.80,1.7059
40259,1929.64,1.7112
40260,1943.70,1.7091
40261,1933.04,1.6883
40262,1929.75,1.6852
40263,1931.18,1.6892
40266,1942.51,1.6876
40267,1942.81,1.6888
40268,1936.48,1.6929
40269,1950.91,1.6876
40273,1966.44,1.6716
40274,1969.76,1.6768
40275,1959.04,1.6901
40276,1965.72,1.6857
40277,1978.86,1.6870
40280,1982.40,1.6934
40281,1983.91,1.6963
40282,2006.06,1.6911
40283,2007.74,1.6950
40284,1975.36,1.7043
40287,1984.32,1.7001
40288,2000.33,1.7004
40289,1998.31,1.7091
40290,2002.93,1.7045
40291,2017.19,1.6993
40294,2008.55,1.7006
40295,1961.60,1.7167
40296,1974.63,1.7066
40297,2000.34,1.7123
40298,1967.05,1.7211
40301,1992.87,1.7182
40302,1945.37,1.7289
40303,1933.25,1.7316
40304,1870.95,1.7471
40305,1842.32,1.7445
40308,1923.39,1.7321
40309,1917.25,1.7355
40310,1944.25,1.7308
40311,1920.76,1.7369
40312,1884.67,1.7447
40315,1887.11,1.7429
40316,1860.65,1.7605
40317,1851.28,1.7574
40318,1779.30,1.7770
40319,1806.05,1.7738
40322,1782.77,1.7798
40323,1783.40,1.7835
40324,1773.65,1.7797
40325,1832.61,1.7572
40326,1809.98,1.7653
40330,1778.99,1.7705
40331,1825.25,1.7617
40332,1832.72,1.7590
40333,1769.72,1.7799
40336,1745.87,1.7883
40337,1765.29,1.7831
40338,1754.91,1.7847
40339,1806.69,1.7664
40340,1815.26,1.7780
40343,1812.02,1.7769
40344,1854.61,1.7709
40345,1853.62,1.7771
40346,1856.25,1.7862
40347,1858.70,1.7824
40350,1851.55,1.7802
40351,1822.05,1.7907
40352,1816.65,1.7971
40353,1786.13,1.7948
40354,1791.24,1.7990
40357,1787.94,1.8110
40358,1732.55,1.8205
40359,1715.23,1.8231
40360,1709.77,1.8211
40361,1701.86,1.8162
40365,1710.97,1.8238
40366,1765.42,1.8164
40367,1782.10,1.8089
40368,1794.94,1.8057
40371,1796.30,1.8047
40372,1824.07,1.7962
40373,1823.82,1.8078
40374,1826.00,1.8158
40375,1773.43,1.8265
40378,1784.06,1.8217
40379,1804.48,1.8236
40380,1781.60,1.8344
40381,1821.76,1.8255
40382,1836.75,1.8168
40385,1857.34,1.8175
40386,1855.39,1.8095
40387,1842.66,1.8190
40388,1835.29,1.8186
40389,1835.40,1.8293
40392,1875.85,1.8235
40393,1866.87,1.8306
40394,1878.81,1.8254
40395,1876.51,1.8331
40396,1869.77,1.8437
40399,1880.06,1.8433
40400,1868.88,1.8518
40401,1817.13,1.8613
40402,1807.61,1.8575
40403,1800.39,1.8669
40406,1800.70,1.8820
40407,1823.18,1.8720
40408,1826.14,1.8715
40409,1795.24,1.8794
40410,1788.67,1.8748
40413,1781.47,1.8777
40414,1755.65,1.8920
40415,1761.62,1.8854
40416,1748.14,1.8937
40417,1777.60,1.8704
40420,1751.79,1.8868
40421,1752.55,1.8946
40422,1804.46,1.8802
40423,1820.98,1.8729
40424,1845.10,1.8623
40428,1824.05,1.8775
40429,1836.21,1.8705
40430,1845.09,1.8562
40431,1854.10,1.8512
40434,1875.41,1.8578
40435,1874.07,1.8678
40436,1880.74,1.8622
40437,1880.37,1.8573
40438,1881.93,1.8607
40441,1910.60,1.8661
40442,1905.74,1.8838
40443,1896.77,1.8867
40444,1880.97,1.8877
40445,1920.84,1.8790
40448,1909.98,1.8908
40449,1919.59,1.8996
40450,1914.84,1.8949
40451,1908.95,1.8930
40452,1917.42,1.8934
40455,1902.15,1.9000
40456,1941.82,1.9007
40457,1941.50,1.9125
40458,1938.31,1.9151
40459,1950.18,1.9141
40463,1957.92,1.9083
40464,1972.08,1.9099
40465,1964.90,1.8957
40466,1968.87,1.8868
40469,1983.17,1.8963
40470,1951.67,1.9012
40471,1972.51,1.9009
40472,1976.12,1.8904
40473,1980.83,1.8889
40476,1985.11,1.8882
40477,1985.13,1.8760
40478,1980.05,1.8633
40479,1982.45,1.8728
40480,1981.59,1.8831
40483,1983.47,1.8795
40484,1998.86,1.8851
40485,2006.58,1.8879
40486,2045.62,1.9012
40487,2053.77,1.8943
40490,2049.69,1.8915
40491,2033.85,1.8744
40492,2043.16,1.8849
40494,2010.57,1.8612
40497,2008.25,1.8341
40498,1976.26,1.8536
40499,1977.00,1.8473
40500,2007.38,1.8440
40501,2012.59,1.8480
40504,2009.52,1.8598
40505,1980.89,1.8643
40506,2010.56,1.8422
40508,1996.03,1.8501
40511,1993.83,1.8579
40512,1981.84,1.8617
40513,2024.97,1.8384
40514,2050.96,1.8341
40515,2056.40,1.8320
40518,2053.80,1.8429
40519,2054.89,1.8145
40520,2063.03,1.7939
40521,2071.12,1.8021
40522,2083.57,1.7866
40525,2084.00,1.7936
40526,2085.93,1.7687
40527,2075.29,1.7610
40528,2088.19,1.7755
40529,2089.95,1.7880
40532,2095.32,1.7890
40533,2108.26,1.7938
40534,2115.69,1.7878
40535,2112.37,1.7832
40539,2113.67,1.7916
40540,2115.32,1.7717
40541,2117.83,1.7892
40542,2114.70,1.7879
40543,2114.29,1.8005
